cruise speed,image resolution,illuminance,controls responsiveness,power,smoke intensity,obstacle size,obstacle distance,firm obstacle,req_0,req_1,req_2,req_3
65.3964,35.97263636363637,99.6556,85.0655,72.0,53.4115,47.4573,65.0505,1.0,True,False,True,True
25.380466666666667,98.93050909090908,99.6556,14.1064,94.0,36.3196,47.4128,30.174,1.0,True,False,True,True
7.229100000000001,84.97263636363637,99.6556,33.9837,2.0,40.0496,48.8073,16.5239,0.0,False,False,False,False
12.197233333333331,84.97263636363637,99.6556,26.0421,57.0,58.1118,33.1356,76.3667,1.0,True,False,True,True
7.213166666666667,84.97263636363637,99.6556,53.6935,54.0,31.0044,20.1123,60.7999,0.0,True,True,False,True
8.245033333333334,79.98768181818181,52.39567575757576,54.1224,69.0,79.1696,13.8032,87.4703,0.0,False,True,False,False
1.1813,79.98467272727272,99.6556,89.1943,23.0,16.2121,95.1509,96.1753,1.0,False,False,False,True
6.229100000000001,98.93050909090908,99.6556,23.9853,77.0,75.1159,5.5359,17.8671,1.0,True,False,True,True
6.2052,98.93050909090908,99.6556,32.4927,59.0,53.1908,1.0534,21.3766,1.0,False,False,True,True
5.221133333333333,44.98467272727272,99.6556,33.3693,56.0,10.979,14.1026,94.1385,1.0,True,False,True,True
6.229100000000001,79.98768181818181,99.6556,54.1217,71.0,70.7851,64.0756,41.4886,1.0,True,False,True,True
6.229100000000001,98.93050909090908,99.6556,53.2126,9.0,58.1026,58.8948,91.5788,1.0,True,False,True,True
6.2052,84.97263636363637,99.6556,60.2289,65.0,62.7183,42.6459,39.865,0.0,False,False,False,True
10.245033333333334,79.98768181818181,52.401206060606064,45.9972,59.0,26.5403,26.498,54.0864,0.0,False,True,False,False
25.380466666666667,80.98467272727272,99.6556,1.8724,37.0,47.3434,0.1594,62.2323,0.0,False,False,True,False
15.3008,80.98467272727272,99.6556,60.9311,30.0,14.8273,40.002,25.4824,0.0,True,True,False,False
5.221133333333333,79.98467272727272,99.6556,84.979,94.0,46.49,81.622,68.9104,0.0,True,False,True,False
3.2052,84.97263636363637,99.6556,85.0415,68.0,39.3406,15.6165,21.7529,0.0,True,True,True,True
0.1813,84.97263636363637,99.6556,74.4765,96.0,44.4671,64.6771,92.6061,0.0,False,True,False,True
27.3964,72.99971818181818,99.6556,69.5893,30.0,63.9781,8.332,63.46,1.0,True,False,True,True
38.46013333333333,37.98467272727272,99.6556,80.4726,23.0,47.7724,63.5341,69.2137,1.0,False,False,True,True
2.197233333333333,98.93050909090908,99.6556,39.9305,24.0,28.0601,93.5575,44.6392,0.0,False,True,False,False
12.260966666666668,80.98467272727272,99.6556,93.8033,38.0,25.8249,33.3249,63.0646,0.0,True,True,True,True
5.197233333333333,84.97263636363637,99.6556,24.8536,51.0,5.7854,59.8695,93.8961,1.0,True,False,True,True
27.380466666666667,98.93050909090908,99.6556,29.2516,85.0,50.5482,73.1106,66.2633,0.0,False,False,False,False
7.229100000000001,96.93050909090908,99.6556,41.4115,9.0,55.7738,7.9468,58.175,0.0,False,True,False,False
6.229100000000001,79.98768181818181,99.6556,26.001,15.0,14.532,87.5669,46.3139,0.0,True,False,False,False
26.671,76.816,99.6556,86.4615,96.0,93.8496,45.2259,68.9727,0.0,False,False,False,False
6.229100000000001,98.93050909090908,99.6556,98.5921,100.0,91.3001,58.9502,30.9401,1.0,True,False,True,True
0.1813,98.93050909090908,50.39567575757576,70.3163,99.0,89.1768,69.7587,60.0352,0.0,False,True,False,True
5.8225,75.6108,86.6556,60.2138,82.0,45.3075,21.6801,36.8884,1.0,True,False,True,True
5.221133333333333,80.98467272727272,99.6556,76.736,55.0,7.8742,72.1068,69.8321,0.0,True,True,False,True
15.3008,79.98768181818181,99.6556,74.9565,84.0,0.8712,12.1337,39.8415,0.0,True,True,False,False
7.221133333333333,79.98467272727272,99.6556,92.8302,23.0,93.8373,0.4907,75.6161,0.0,False,False,True,True
38.46013333333333,35.984672727272724,99.6556,49.8541,83.0,48.9021,28.2094,68.1088,1.0,True,False,True,True
5.221133333333333,79.98768181818181,99.6556,53.4551,55.0,26.3403,68.6528,48.7872,0.0,False,False,False,True
2.197233333333333,98.93050909090908,99.6556,57.0253,75.0,7.2397,9.7995,3.138,1.0,True,False,False,False
2.197233333333333,67.5921,79.263,34.0403,66.0,12.7352,5.3455,7.6016,1.0,True,False,True,True
5.189266666666667,66.01476363636364,99.6556,95.9187,88.0,49.7131,67.2932,94.5175,1.0,True,False,True,True
3.2052,98.93050909090908,99.6556,26.3671,19.0,77.9039,65.0602,24.1575,0.0,False,True,False,False
6.197233333333333,98.93050909090908,99.6556,9.3374,16.0,55.3745,12.9136,50.2306,1.0,True,False,False,False
20.671,76.816,99.6556,91.3494,68.0,25.3285,38.6866,25.4166,0.0,True,True,False,True
0.1813,79.98768181818181,99.6556,75.81,62.0,93.37,32.0156,74.4787,0.0,False,True,False,False
6.229100000000001,80.98467272727272,99.6556,92.686,28.0,94.0161,80.7624,63.5628,1.0,False,False,True,True
6.229100000000001,98.93050909090908,99.6556,91.124,67.0,89.0111,41.6569,16.3326,1.0,True,True,True,True
1.1892666666666667,98.93050909090908,99.6556,8.2603,51.0,59.1087,92.5267,90.2461,1.0,True,False,False,False
6.221133333333333,84.97263636363637,99.6556,36.1752,12.0,35.6307,91.6058,62.9882,1.0,True,False,False,True
6.229100000000001,79.98467272727272,99.6556,53.1009,85.0,85.4562,12.4957,70.3953,1.0,True,True,True,True
15.3008,79.98467272727272,99.6556,52.1482,35.0,9.3549,20.233,14.0321,0.0,True,True,False,False
27.1451,86.3097,99.6556,91.0689,43.0,48.1449,92.8219,81.8222,1.0,True,False,True,True
6.221133333333333,98.93050909090908,99.6556,16.6938,62.0,84.3551,59.7556,15.3853,1.0,True,False,False,False
0.1813,79.98768181818181,99.6556,54.2075,88.0,99.7215,5.9335,62.2603,0.0,False,False,False,False
6.229100000000001,84.97263636363637,99.6556,78.0636,9.0,6.5877,94.0706,0.064,1.0,True,False,False,False
7.3484,98.3412,99.6556,57.5707,32.0,70.067,43.971,79.3428,0.0,False,True,True,True
6.229100000000001,74.97263636363637,86.6556,57.7573,67.0,31.6438,40.9982,23.201,1.0,True,True,True,True
1.1813,84.97263636363637,99.6556,80.3283,80.0,4.3462,91.584,97.6008,1.0,False,False,True,True
27.3964,80.98467272727272,99.6556,73.9351,42.0,45.3347,71.6132,66.1141,0.0,True,True,False,True
51.4344,99.6256,99.6556,27.4293,56.0,52.4125,94.12,68.5863,1.0,True,False,False,True
38.46013333333333,79.98768181818181,99.6556,26.128,62.0,26.683,81.3876,76.7875,1.0,True,True,True,True
6.229100000000001,84.97263636363637,99.6556,70.71,16.0,4.4676,91.9374,15.5754,0.0,True,True,False,False
27.3964,84.97263636363637,99.6556,98.9384,82.0,25.5709,5.3782,99.3201,0.0,False,False,False,True
6.229100000000001,79.98768181818181,99.6556,44.2852,52.0,63.3723,99.4748,22.3665,1.0,True,True,False,False
1.1892666666666667,71.01476363636364,99.6556,84.7163,71.0,9.4507,82.7071,97.1036,1.0,False,False,True,True
24.3008,83.97263636363637,99.6556,69.7497,99.0,99.6318,60.2461,84.7623,0.0,False,False,False,True
6.229100000000001,98.93050909090908,99.6556,92.3475,89.0,72.4925,92.4766,37.1405,1.0,True,False,True,True
39.0421,75.0473,86.6556,76.418,34.0,9.0609,80.4231,54.1832,1.0,True,False,True,True
6.229100000000001,91.93050909090908,99.6556,76.0412,70.0,6.5267,0.0253,9.9466,0.0,False,False,False,True
3.2052,84.97263636363637,99.6556,87.5407,54.0,72.7263,40.0717,7.9811,0.0,True,False,False,False
3.2052,79.98768181818181,50.39567575757576,84.9494,15.0,73.5058,33.565,65.2312,0.0,True,False,False,False
0.1813,75.00272727272727,99.6556,73.1337,6.0,25.2618,0.4235,47.9756,0.0,False,True,False,True
0.1813,96.93050909090908,50.39567575757576,93.049,86.0,84.7047,60.229,58.5975,0.0,False,True,False,True
9.245033333333334,84.97263636363637,99.6556,78.0015,94.0,37.2437,38.1744,75.2161,0.0,True,False,False,True
6.229100000000001,98.93050909090908,99.6556,47.3235,58.0,16.0411,6.3209,23.1372,1.0,True,False,True,True
15.3008,79.98768181818181,99.6556,55.3566,98.0,9.6734,34.4425,62.5798,0.0,True,False,False,False
1.1892666666666667,96.93050909090908,99.6556,78.1899,68.0,33.138,94.9724,90.4185,0.0,False,True,False,False
5.213166666666667,79.98768181818181,99.6556,87.806,87.0,79.0243,94.2124,21.8956,0.0,True,True,False,False
8.245033333333334,79.98768181818181,52.39567575757576,30.3374,95.0,75.8507,20.1458,46.839,0.0,True,True,False,True
5.221133333333333,98.93050909090908,99.6556,44.1028,22.0,72.4988,2.7799,99.0706,1.0,False,False,True,True
6.221133333333333,84.97263636363637,99.6556,60.9444,38.0,43.1398,72.091,16.8792,1.0,True,False,True,True
7.3349,47.8216,99.6556,38.6097,34.0,23.4219,55.6327,75.5008,1.0,True,False,True,True
12.3889,79.7452,99.6556,48.7343,56.0,52.324,51.706,65.7206,0.0,True,True,False,True
6.221133333333333,98.93050909090908,99.6556,77.8609,17.0,81.2762,38.3729,26.5618,0.0,False,True,False,False
4.197233333333333,88.94856363636363,99.6556,98.499,89.0,18.2221,71.6613,15.0093,1.0,True,False,True,True
15.3008,79.98467272727272,99.6556,51.0969,32.0,5.406,19.9071,11.5631,0.0,True,False,False,False
1.1892666666666667,98.93050909090908,99.6556,58.0201,35.0,76.3332,89.6187,90.0253,1.0,True,False,True,True
38.691,35.8273,99.6556,94.1046,20.0,39.3548,57.7377,60.1224,1.0,True,False,True,True
27.3964,79.98467272727272,99.6556,68.6155,98.0,32.2277,5.348,90.6736,0.0,False,True,True,False
6.221133333333333,84.97263636363637,99.6556,46.4944,51.0,59.8832,83.1995,19.3763,1.0,True,True,True,True
38.691,90.95157272727272,78.263,12.7433,0.0,51.1906,37.1528,11.8234,0.0,False,False,True,True
6.229100000000001,80.98467272727272,99.6556,47.6886,35.0,93.182,51.8617,54.7441,1.0,False,False,False,True
6.229100000000001,98.93050909090908,99.6556,66.1737,81.0,92.384,1.4025,43.805,1.0,False,True,True,True
6.229100000000001,79.98467272727272,99.6556,34.7006,22.0,67.7201,5.432,51.3725,1.0,False,True,True,True
7.229100000000001,90.93050909090908,99.6556,43.1068,18.0,66.9823,6.4306,39.2555,0.0,False,True,False,False
65.7444,39.033,99.6556,79.4636,38.0,50.4151,10.8115,85.154,1.0,True,False,True,True
6.213166666666667,79.98768181818181,99.6556,67.2754,68.0,99.5352,38.2285,38.829,0.0,False,False,True,True
25.380466666666667,98.93050909090908,99.6556,9.9817,28.0,32.8466,69.5506,89.2898,1.0,True,False,True,True
26.38843333333333,74.99971818181818,99.6556,98.2729,64.0,60.0479,1.3472,98.9522,0.0,False,False,True,True
38.691,59.49720000000001,99.6556,32.0922,26.0,3.4167,58.2379,36.5018,1.0,True,False,True,True
1.1892666666666667,98.93050909090908,99.6556,8.3866,83.0,70.0373,46.0257,90.8405,1.0,True,False,False,False
6.189266666666667,84.97263636363637,99.6556,21.716,10.0,3.1358,73.5706,87.4303,1.0,True,False,True,True
27.380466666666667,98.93050909090908,99.6556,28.9168,74.0,60.3754,22.6832,87.0046,0.0,False,True,False,False
6.221133333333333,80.98467272727272,99.6556,17.7536,9.0,1.2547,78.3236,63.3364,0.0,False,True,False,False
7.189266666666667,35.98768181818181,99.6556,67.8541,65.0,71.5749,16.7207,90.6924,1.0,True,False,True,True
6.213166666666667,79.98768181818181,99.6556,94.4813,94.0,55.2022,89.2047,65.1112,1.0,True,True,True,True
6.221133333333333,98.93050909090908,99.6556,76.6708,96.0,2.7677,3.4775,14.3773,1.0,True,True,True,True
6.229100000000001,84.97263636363637,99.6556,2.6858,19.0,26.0986,91.6783,37.8344,1.0,True,False,False,False
1.1892666666666667,98.93050909090908,99.6556,15.8142,40.0,86.4577,15.0419,95.6605,1.0,False,False,False,True
38.671,38.033,99.6556,89.0215,45.0,71.978,20.1295,60.7722,1.0,True,False,True,True
27.3964,84.97263636363637,99.6556,93.412,82.0,12.7362,13.264,67.9356,0.0,True,True,True,False
6.229100000000001,98.93050909090908,99.6556,18.8636,10.0,74.8231,0.5124,74.5727,1.0,False,False,True,True
38.691,40.217,99.6556,83.5233,26.0,42.0051,38.8975,21.2415,1.0,True,False,True,True
39.3008,45.98768181818181,99.6556,49.6003,82.0,58.563,62.5003,45.4905,1.0,True,False,True,True
3.2052,98.93050909090908,99.6556,43.3539,58.0,56.3735,68.5554,0.865,1.0,True,False,False,False
6.189266666666667,98.93050909090908,99.6556,11.5046,71.0,52.5517,66.3247,85.7052,1.0,True,False,True,True
7.221133333333333,84.97263636363637,99.6556,30.9904,58.0,52.9654,58.5465,59.2744,0.0,True,False,False,False
6.229100000000001,98.93050909090908,99.6556,67.6984,71.0,94.118,80.4623,29.2232,1.0,False,False,True,True
2.197233333333333,84.97263636363637,99.6556,26.7482,44.0,72.2829,25.6251,59.1994,0.0,False,False,False,False
5.221133333333333,95.93050909090908,99.6556,87.1705,52.0,85.1452,69.5996,38.676,0.0,True,True,False,False
24.671,77.0922,99.6556,99.1016,60.0,11.8702,5.0206,14.1654,0.0,False,True,False,False
9.245033333333334,84.97263636363637,99.6556,77.5773,68.0,35.6232,64.9119,71.6365,0.0,True,False,True,False
6.229100000000001,98.93050909090908,99.6556,84.0026,57.0,82.1136,11.0868,85.8186,1.0,True,False,True,True
0.1813,79.98768181818181,99.6556,72.0385,92.0,41.6869,56.0709,71.0299,0.0,True,False,False,True
10.260966666666668,84.97263636363637,50.38461515151516,59.5182,83.0,63.2019,24.8447,79.4768,0.0,False,False,False,False
0.1813,84.97263636363637,99.6556,85.1987,95.0,36.5969,58.5856,90.7136,0.0,False,False,False,False
3.2052,91.94555454545454,99.6556,96.4623,42.0,20.2577,1.7903,7.4133,1.0,False,True,True,True
7.1813,40.02078181818182,99.6556,53.5143,62.0,24.2833,49.5006,81.4286,1.0,True,False,True,True
6.229100000000001,79.98768181818181,99.6556,29.2179,67.0,18.6505,66.3017,39.4964,1.0,True,False,True,True
1.1813,79.98768181818181,99.6556,63.7435,26.0,33.074,9.9026,98.6608,0.0,False,False,True,True
6.197233333333333,98.93050909090908,99.6556,24.9054,33.0,66.3611,90.418,31.9874,1.0,True,True,True,True
3.2052,91.94856363636364,99.6556,77.9142,11.0,22.2103,21.6273,7.5005,0.0,False,False,False,False
0.1813,84.97263636363637,99.6556,52.9751,92.0,18.4869,72.5401,88.2602,0.0,True,True,True,False
6.221133333333333,79.98467272727272,99.6556,81.6294,27.0,65.5322,80.4424,25.6736,1.0,True,False,True,True
2.197233333333333,84.97263636363637,99.6556,28.087,69.0,34.9071,93.9881,22.5837,1.0,True,True,False,False
10.260966666666668,84.97263636363637,52.39567575757576,50.5941,65.0,52.5658,28.658,74.6444,0.0,True,False,False,True
2.197233333333333,84.97263636363637,99.6556,81.7413,31.0,23.3226,39.8653,51.2649,0.0,False,True,False,True
6.229100000000001,88.0662,99.3193,96.489,3.0,52.5967,62.9172,83.5346,1.0,False,False,False,False
6.229100000000001,84.97263636363637,99.6556,67.4132,63.0,44.9258,79.2903,0.0131,1.0,True,False,False,False
0.1813,84.97263636363637,99.6556,38.539,24.0,25.5777,65.5991,66.9246,0.0,False,True,False,True
6.2052,98.93050909090908,99.6556,85.3827,27.0,25.6482,52.8556,10.7937,1.0,True,True,True,True
5.4626,84.97263636363637,50.645,84.4047,77.0,30.2094,26.6016,65.7026,0.0,True,True,True,True
6.229100000000001,98.93050909090908,99.6556,50.5477,85.0,44.0296,45.7309,15.7798,1.0,True,False,True,True
6.229100000000001,98.93050909090908,99.6556,86.9847,64.0,13.3284,3.7925,29.6657,1.0,True,True,True,True
2.197233333333333,98.93050909090908,99.6556,14.3524,40.0,83.9333,53.7855,11.6008,1.0,True,False,False,True
6.2052,84.97263636363637,99.6556,86.7941,30.0,23.6341,30.2148,40.6917,0.0,True,True,False,False
38.3964,72.98467272727272,99.6556,36.8605,37.0,40.5672,71.6623,92.5929,1.0,True,False,True,True
7.1742,76.816,99.6556,54.0476,49.0,84.1291,64.7841,5.703,1.0,True,False,False,True
9.253,84.97263636363637,99.6556,98.0465,87.0,40.7092,70.5001,53.1471,0.0,True,True,True,True
5.5816,83.97263636363637,63.263000000000005,88.6279,41.0,39.5392,74.4652,23.6269,1.0,True,False,True,True
65.131,75.033,99.6556,51.0397,49.0,37.4535,50.7095,89.2817,1.0,True,False,True,True
26.671,85.4729,99.6556,85.5542,49.0,5.7987,79.9983,87.3653,0.0,True,True,False,True
25.380466666666667,98.93050909090908,99.6556,4.9577,57.0,34.3383,53.2773,69.7784,1.0,True,False,False,False
6.229100000000001,84.97263636363637,99.6556,23.5104,22.0,62.4704,49.1341,34.8064,1.0,True,True,True,True
6.197233333333333,88.9606,99.6556,10.596,7.0,13.2851,74.4053,16.8365,1.0,True,False,False,True
6.229100000000001,79.98467272727272,99.6556,28.408,10.0,45.8693,6.5465,33.6569,1.0,False,False,True,True
3.2052,98.93050909090908,99.6556,60.242,18.0,50.1566,22.9628,13.4706,1.0,True,True,True,True
7.229100000000001,98.93050909090908,99.6556,58.1534,34.0,54.4683,39.1255,98.0827,0.0,False,False,True,True
19.3008,84.97263636363637,99.6556,69.2729,72.0,82.2158,43.156,76.6803,0.0,False,True,False,False
6.221133333333333,98.93050909090908,99.6556,58.4228,100.0,90.9678,12.5933,67.1108,1.0,False,False,True,True
6.229100000000001,98.93050909090908,99.6556,82.2642,81.0,93.2744,89.7753,35.9198,1.0,False,False,True,False
1.1892666666666667,98.93050909090908,99.6556,34.7118,37.0,76.3168,44.2758,91.5473,0.0,False,False,False,False
2.197233333333333,79.98768181818181,99.6556,23.5033,52.0,23.3705,12.3912,93.2288,0.0,False,False,False,False
1.1813,84.97263636363637,99.6556,44.995,76.0,8.3187,53.5028,91.7715,1.0,True,False,True,True
6.229100000000001,79.98768181818181,99.6556,73.3195,55.0,48.8745,88.5859,85.9494,0.0,True,True,False,False
6.229100000000001,98.93050909090908,99.6556,89.0712,82.0,25.4637,6.8354,22.7518,1.0,True,False,True,True
37.46013333333333,98.93050909090908,99.6556,46.3883,20.0,14.675,88.4567,9.8487,0.0,True,False,False,False
25.380466666666667,98.93050909090908,99.6556,0.9094,81.0,76.6419,78.2785,25.1937,0.0,True,False,False,False
5.221133333333333,97.93050909090908,99.6556,36.9165,96.0,6.0835,79.8003,42.2211,0.0,True,False,True,False
7.229100000000001,98.93050909090908,99.6556,42.037,14.0,73.4821,12.6949,86.636,0.0,False,False,False,False
6.229100000000001,98.93050909090908,99.6556,20.756,34.0,65.2996,56.5233,32.6262,1.0,True,False,True,True
42.5739,75.00272727272727,78.263,15.8217,0.0,57.2934,17.3815,10.9295,0.0,False,False,False,False
6.229100000000001,79.98467272727272,99.6556,62.3828,28.0,99.6602,33.8576,21.0713,0.0,False,False,True,False
23.671,98.93050909090908,95.4379,21.0554,75.0,77.4902,38.0254,82.3993,1.0,True,False,True,True
39.2291,63.95759090909091,99.6556,27.0808,20.0,55.2207,26.157,88.6055,1.0,True,False,True,True
17.300800000000002,79.98768181818181,99.6556,67.1192,82.0,55.4291,64.8788,30.5481,0.0,False,False,False,True
1.1813,79.98768181818181,99.6556,53.3346,0.0,54.5033,52.4564,95.0017,0.0,False,False,False,False
44.52386666666667,82.97263636363637,99.6556,80.0799,91.0,2.7216,73.0261,17.5105,1.0,True,False,True,True
0.1813,96.93050909090908,99.6556,32.1432,79.0,20.402,76.6832,0.4963,0.0,True,False,False,False
27.3964,84.97263636363637,99.6556,81.0278,71.0,32.7446,67.1523,66.6813,0.0,True,True,False,True
38.4849,98.93050909090908,62.1597,91.9279,83.0,6.7932,20.414,57.9333,1.0,True,False,True,True
3.2052,98.93050909090908,99.6556,40.2925,67.0,61.186,28.4294,29.5343,0.0,True,False,False,False
6.221133333333333,79.98467272727272,99.6556,98.2599,0.0,51.2764,76.4991,44.9478,0.0,False,False,False,True
2.197233333333333,88.9606,99.6556,19.9038,12.0,85.1962,64.5243,11.3852,1.0,True,False,False,True
6.1813,74.97263636363637,86.6556,63.968,82.0,39.4008,82.332,77.4036,1.0,True,False,True,True
6.1813,79.98768181818181,99.6556,76.6618,8.0,33.4118,3.7101,84.1358,1.0,False,False,True,True
6.1813,79.98467272727272,63.57264545454545,68.2108,42.0,17.8785,65.3239,88.6479,1.0,True,False,True,True
6.229100000000001,98.93050909090908,99.6556,12.3912,63.0,59.0881,73.7603,50.809,1.0,True,False,False,True
0.1813,97.93050909090908,99.6556,9.8622,90.0,90.8809,54.0059,77.2964,0.0,False,False,False,False
6.229100000000001,98.93050909090908,99.6556,50.1873,78.0,45.7795,2.8305,46.6727,1.0,False,True,True,True
6.197233333333333,79.98768181818181,99.6556,2.3526,43.0,99.9019,13.9518,22.0461,0.0,False,False,False,False
38.7456,40.4986,99.6556,58.0343,43.0,56.8097,35.7619,43.4874,1.0,True,False,True,True
2.197233333333333,98.93050909090908,99.6556,39.1324,98.0,6.1249,46.4021,9.9904,1.0,True,False,True,True
45.691,86.8773,99.6556,54.4592,46.0,12.7199,70.6452,32.3741,1.0,True,False,True,True
1.1813,68.02078181818182,99.6556,79.5008,52.0,48.2834,61.2118,1.0784,1.0,True,False,False,False
27.3964,84.97263636363637,99.6556,84.0967,85.0,29.9042,84.8763,81.6216,0.0,True,False,False,True
61.38046666666666,98.93050909090908,99.6556,27.8703,62.0,63.2784,45.4193,52.8715,1.0,True,False,True,True
38.691,78.802,99.6556,59.2346,31.0,77.5366,80.2404,71.9837,1.0,True,True,True,True
25.380466666666667,98.93050909090908,99.6556,16.1794,83.0,54.5228,75.6999,47.8234,0.0,True,False,False,False
7.229100000000001,84.97263636363637,99.6556,37.6791,18.0,58.403,40.9389,63.3949,0.0,True,False,False,False
6.197233333333333,88.94856363636363,99.6556,28.5735,28.0,22.8538,52.8106,36.5219,1.0,True,True,True,True
2.1813,75.00272727272727,99.6556,35.4807,22.0,13.4039,39.5551,4.433,1.0,True,False,False,False
