point_index,top_k,neighbors_2,neighbors_3,neighbors_4
0,15,6,4,5
1,15,5,5,5
2,15,5,4,6
3,15,10,3,2
4,15,7,6,2
5,15,8,4,3
6,15,11,1,3
7,15,7,3,5
8,15,10,3,2
9,15,11,2,2
10,15,10,0,5
11,15,7,4,4
12,15,8,4,3
13,15,12,1,2
14,15,11,1,3
15,15,10,3,2
16,15,10,0,5
17,15,9,4,2
18,15,9,4,2
19,15,10,2,3
20,15,12,2,1
21,15,11,2,2
22,15,8,2,5
23,15,12,1,2
24,15,11,3,1
25,15,8,2,5
26,15,10,3,2
27,15,9,2,4
28,15,11,2,2
29,15,9,3,3
30,15,10,3,2
31,15,6,6,3
32,15,9,3,3
33,15,9,2,4
34,15,9,3,3
35,15,11,3,1
36,15,8,1,6
37,15,11,3,1
38,15,9,2,4
39,15,10,3,2
40,15,12,2,1
41,15,9,3,3
42,15,14,1,0
43,15,8,3,4
44,15,12,1,2
45,15,10,2,3
46,15,8,5,2
47,15,7,4,4
48,15,8,3,4
49,15,11,2,2
50,15,12,1,2
51,15,6,5,4
52,15,9,3,3
53,15,11,0,4
54,15,10,4,1
55,15,10,3,2
56,15,12,1,2
57,15,11,2,2
58,15,11,2,2
59,15,7,4,4
60,15,11,2,2
61,15,10,3,2
62,15,7,4,4
63,15,12,2,1
64,15,7,4,4
65,15,7,3,5
66,15,9,4,2
67,15,6,4,5
68,15,9,3,3
69,15,5,6,4
70,15,10,4,1
71,15,8,4,3
72,15,13,0,2
73,15,10,1,4
74,15,10,1,4
75,15,9,3,3
76,15,10,3,2
77,15,8,1,6
78,15,9,4,2
79,15,8,4,3
80,15,7,5,3
81,15,7,5,3
82,15,10,1,4
83,15,7,4,4
84,15,9,2,4
85,15,10,1,4
86,15,7,3,5
87,15,9,2,4
88,15,9,3,3
89,15,9,2,4
90,15,6,4,5
91,15,10,3,2
92,15,8,3,4
93,15,12,0,3
94,15,10,2,3
95,15,6,6,3
96,15,9,2,4
97,15,9,4,2
98,15,10,4,1
99,15,11,2,2
100,15,8,3,4
101,15,7,4,4
102,15,10,3,2
103,15,11,2,2
104,15,13,2,0
105,15,10,3,2
106,15,8,3,4
107,15,10,3,2
108,15,12,2,1
109,15,8,4,3
110,15,10,2,3
111,15,12,1,2
112,15,10,3,2
113,15,7,4,4
114,15,9,4,2
115,15,4,5,6
116,15,8,1,6
117,15,11,1,3
118,15,7,4,4
119,15,11,2,2
120,15,7,3,5
121,15,10,1,4
122,15,9,3,3
123,15,12,2,1
124,15,3,7,5
125,15,12,1,2
126,15,8,4,3
127,15,10,3,2
128,15,8,4,3
129,15,10,1,4
130,15,10,2,3
131,15,12,1,2
132,15,11,2,2
133,15,8,3,4
134,15,7,4,4
135,15,11,1,3
136,15,10,1,4
137,15,4,6,5
138,15,8,2,5
139,15,10,1,4
140,15,10,4,1
141,15,6,6,3
142,15,8,2,5
143,15,10,3,2
144,15,11,1,3
145,15,5,4,6
146,15,10,1,4
147,15,11,0,4
148,15,9,3,3
149,15,10,1,4
150,15,7,4,4
151,15,10,3,2
152,15,7,4,4
153,15,8,4,3
154,15,11,1,3
155,15,6,6,3
156,15,11,2,2
157,15,7,4,4
158,15,8,3,4
159,15,10,3,2
160,15,11,2,2
161,15,11,2,2
162,15,8,5,2
163,15,8,6,1
164,15,10,2,3
165,15,4,7,4
166,15,11,3,1
167,15,10,3,2
168,15,12,1,2
169,15,7,6,2
170,15,8,3,4
171,15,13,0,2
172,15,8,5,2
173,15,6,5,4
174,15,8,3,4
175,15,10,2,3
176,15,7,4,4
177,15,8,5,2
178,15,7,2,6
179,15,10,3,2
180,15,6,5,4
181,15,8,4,3
182,15,10,2,3
183,15,6,5,4
184,15,9,5,1
185,15,7,2,6
186,15,9,4,2
187,15,10,2,3
188,15,11,1,3
189,15,11,2,2
190,15,13,2,0
191,15,11,2,2
192,15,8,4,3
193,15,9,2,4
194,15,5,6,4
195,15,12,2,1
196,15,11,2,2
197,15,10,4,1
198,15,9,4,2
199,15,6,4,5
200,15,10,2,3
201,15,8,4,3
202,15,11,2,2
203,15,9,3,3
204,15,10,2,3
205,15,9,4,2
206,15,7,5,3
207,15,11,2,2
208,15,8,3,4
209,15,8,4,3
210,15,8,4,3
211,15,10,3,2
212,15,7,5,3
213,15,8,4,3
214,15,9,4,2
215,15,10,3,2
216,15,10,3,2
217,15,10,3,2
218,15,13,1,1
219,15,11,0,4
220,15,11,2,2
221,15,9,2,4
222,15,9,4,2
223,15,8,0,7
224,15,8,3,4
225,15,10,1,4
226,15,14,0,1
227,15,7,4,4
228,15,9,2,4
229,15,10,2,3
230,15,11,2,2
231,15,8,3,4
232,15,10,1,4
233,15,9,3,3
234,15,8,6,1
235,15,7,3,5
236,15,8,4,3
237,15,6,4,5
238,15,9,1,5
239,15,9,3,3
240,15,9,3,3
241,15,8,2,5
242,15,9,4,2
243,15,8,4,3
244,15,10,2,3
245,15,9,4,2
246,15,11,3,1
247,15,11,1,3
248,15,8,2,5
249,15,9,3,3
250,15,7,3,5
251,15,10,4,1
252,15,11,3,1
253,15,8,4,3
254,15,10,1,4
255,15,12,1,2
256,15,10,2,3
257,15,11,1,3
258,15,11,2,2
259,15,10,3,2
260,15,9,3,3
261,15,10,1,4
262,15,11,3,1
263,15,9,5,1
264,15,11,1,3
265,15,10,4,1
266,15,9,3,3
267,15,6,4,5
268,15,11,2,2
269,15,8,3,4
270,15,10,1,4
271,15,11,0,4
272,15,8,1,6
273,15,8,3,4
274,15,10,2,3
275,15,11,2,2
276,15,11,3,1
277,15,8,3,4
278,15,8,4,3
279,15,8,3,4
280,15,9,0,6
281,15,10,3,2
282,15,10,2,3
283,15,8,5,2
284,15,8,3,4
285,15,4,6,5
286,15,11,1,3
287,15,10,3,2
288,15,8,5,2
289,15,9,2,4
290,15,11,1,3
291,15,7,5,3
292,15,7,6,2
293,15,8,3,4
294,15,9,3,3
295,15,7,4,4
296,15,9,2,4
297,15,8,6,1
298,15,5,6,4
299,15,8,2,5
300,15,10,3,2
301,15,6,4,5
302,15,10,1,4
303,15,10,2,3
304,15,11,2,2
305,15,9,4,2
306,15,12,1,2
307,15,8,2,5
308,15,9,2,4
309,15,10,4,1
310,15,9,3,3
311,15,6,4,5
312,15,8,1,6
313,15,9,4,2
314,15,13,0,2
315,15,10,3,2
316,15,9,2,4
317,15,7,2,6
318,15,11,1,3
319,15,6,4,5
320,15,9,3,3
321,15,11,3,1
322,15,8,4,3
323,15,12,0,3
324,15,7,6,2
325,15,9,3,3
326,15,9,4,2
327,15,12,1,2
328,15,7,3,5
329,15,12,1,2
330,15,8,2,5
331,15,9,4,2
332,15,9,2,4
333,15,8,4,3
334,15,6,4,5
335,15,10,2,3
336,15,6,3,6
337,15,11,0,4
338,15,9,3,3
339,15,11,2,2
340,15,10,3,2
341,15,9,1,5
342,15,10,1,4
343,15,9,3,3
344,15,9,2,4
345,15,10,3,2
346,15,8,3,4
347,15,8,2,5
348,15,11,2,2
349,15,9,4,2
350,15,10,1,4
351,15,10,3,2
352,15,7,4,4
353,15,9,3,3
354,15,10,3,2
355,15,9,2,4
356,15,9,4,2
357,15,9,2,4
358,15,6,6,3
359,15,9,3,3
360,15,8,1,6
361,15,10,3,2
362,15,8,3,4
363,15,13,2,0
364,15,10,1,4
365,15,11,2,2
366,15,10,2,3
367,15,12,2,1
368,15,12,2,1
369,15,9,2,4
370,15,8,4,3
371,15,6,5,4
372,15,10,3,2
373,15,10,2,3
374,15,10,2,3
375,15,9,4,2
376,15,10,3,2
377,15,9,2,4
378,15,10,2,3
379,15,11,1,3
380,15,9,5,1
381,15,7,4,4
382,15,12,2,1
383,15,12,2,1
384,15,13,1,1
385,15,8,4,3
386,15,12,2,1
387,15,11,1,3
388,15,9,3,3
389,15,9,2,4
390,15,8,3,4
391,15,10,2,3
392,15,9,3,3
393,15,11,2,2
394,15,7,3,5
395,15,13,2,0
396,15,10,3,2
397,15,10,3,2
398,15,8,5,2
399,15,7,1,7
400,15,7,1,7
401,15,7,4,4
402,15,11,0,4
403,15,8,5,2
404,15,11,1,3
405,15,9,3,3
406,15,9,2,4
407,15,8,2,5
408,15,11,2,2
409,15,9,3,3
410,15,11,2,2
411,15,10,2,3
412,15,7,5,3
413,15,10,3,2
414,15,7,3,5
415,15,12,1,2
416,15,11,0,4
417,15,10,2,3
418,15,11,4,0
419,15,7,3,5
420,15,10,2,3
421,15,10,2,3
422,15,11,2,2
423,15,7,4,4
424,15,10,2,3
425,15,11,1,3
426,15,9,4,2
427,15,9,3,3
428,15,11,2,2
429,15,9,2,4
430,15,10,2,3
431,15,8,3,4
432,15,12,0,3
433,15,9,2,4
434,15,8,2,5
435,15,11,1,3
436,15,12,3,0
437,15,11,3,1
438,15,7,3,5
439,15,7,2,6
440,15,8,3,4
441,15,6,3,6
442,15,9,3,3
443,15,7,5,3
444,15,6,3,6
445,15,10,2,3
446,15,11,2,2
447,15,12,1,2
448,15,6,3,6
449,15,14,1,0
450,15,9,2,4
451,15,10,3,2
452,15,11,1,3
453,15,8,5,2
454,15,9,3,3
455,15,9,3,3
456,15,10,1,4
457,15,7,3,5
458,15,9,1,5
459,15,11,2,2
460,15,7,5,3
461,15,11,0,4
462,15,13,2,0
463,15,13,2,0
464,15,10,2,3
465,15,10,4,1
466,15,7,5,3
467,15,8,4,3
468,15,10,4,1
469,15,7,4,4
470,15,10,1,4
471,15,9,2,4
472,15,9,4,2
473,15,11,1,3
474,15,11,0,4
475,15,7,4,4
476,15,10,1,4
477,15,10,2,3
478,15,8,5,2
479,15,8,1,6
480,15,8,4,3
481,15,8,5,2
482,15,10,2,3
483,15,8,4,3
484,15,9,5,1
485,15,7,4,4
486,15,9,2,4
487,15,9,3,3
488,15,12,0,3
489,15,10,1,4
490,15,7,3,5
491,15,11,2,2
492,15,8,4,3
493,15,7,2,6
494,15,12,1,2
495,15,7,3,5
496,15,10,3,2
497,15,10,2,3
498,15,6,4,5
499,15,5,7,3
500,15,11,1,3
501,15,9,2,4
502,15,9,2,4
503,15,11,2,2
504,15,8,2,5
505,15,11,2,2
506,15,11,1,3
507,15,7,4,4
508,15,9,2,4
509,15,7,4,4
510,15,11,2,2
511,15,10,1,4
512,15,8,4,3
513,15,11,3,1
514,15,6,2,7
515,15,8,5,2
516,15,8,5,2
517,15,8,6,1
518,15,7,4,4
519,15,9,3,3
520,15,8,2,5
521,15,10,3,2
522,15,7,5,3
523,15,6,3,6
524,15,9,1,5
525,15,8,5,2
526,15,11,3,1
527,15,10,3,2
528,15,12,2,1
529,15,7,3,5
530,15,12,1,2
531,15,8,3,4
532,15,9,2,4
533,15,10,0,5
534,15,11,2,2
535,15,8,3,4
536,15,9,2,4
537,15,11,1,3
538,15,8,1,6
539,15,10,1,4
540,15,9,3,3
541,15,7,5,3
542,15,11,1,3
543,15,11,1,3
544,15,5,4,6
545,15,6,6,3
546,15,8,1,6
547,15,7,5,3
548,15,10,1,4
549,15,8,3,4
550,15,11,2,2
551,15,7,2,6
552,15,13,1,1
553,15,8,4,3
554,15,9,3,3
555,15,11,1,3
556,15,12,2,1
557,15,9,3,3
558,15,9,2,4
559,15,11,3,1
560,15,10,3,2
561,15,8,2,5
562,15,11,2,2
563,15,6,4,5
564,15,10,1,4
565,15,9,2,4
566,15,9,4,2
567,15,10,0,5
568,15,8,3,4
569,15,10,3,2
570,15,7,6,2
571,15,11,2,2
572,15,10,1,4
573,15,10,5,0
574,15,10,4,1
575,15,6,4,5
576,15,6,4,5
577,15,11,3,1
578,15,6,6,3
579,15,7,4,4
580,15,10,2,3
581,15,12,0,3
582,15,11,3,1
583,15,7,3,5
584,15,7,3,5
585,15,11,3,1
586,15,9,2,4
587,15,9,2,4
588,15,13,2,0
589,15,7,4,4
590,15,10,1,4
591,15,11,2,2
592,15,9,4,2
593,15,8,3,4
594,15,12,1,2
595,15,11,3,1
596,15,7,3,5
597,15,10,2,3
598,15,9,3,3
599,15,10,2,3
600,15,8,3,4
601,15,9,4,2
602,15,8,6,1
603,15,8,1,6
604,15,8,2,5
605,15,8,3,4
606,15,10,2,3
607,15,7,3,5
608,15,5,8,2
609,15,9,2,4
610,15,7,5,3
611,15,9,1,5
612,15,8,2,5
613,15,11,1,3
614,15,9,2,4
615,15,7,5,3
616,15,9,3,3
617,15,7,5,3
618,15,9,5,1
619,15,4,5,6
620,15,10,2,3
621,15,8,3,4
622,15,8,4,3
623,15,7,2,6
624,15,7,4,4
625,15,9,2,4
626,15,11,2,2
627,15,8,4,3
628,15,10,3,2
629,15,9,3,3
630,15,5,5,5
631,15,12,1,2
632,15,11,4,0
633,15,11,2,2
634,15,11,4,0
635,15,6,3,6
636,15,10,0,5
637,15,11,2,2
638,15,9,1,5
639,15,7,6,2
640,15,9,3,3
641,15,9,4,2
642,15,7,4,4
643,15,9,1,5
644,15,6,3,6
645,15,11,2,2
646,15,8,3,4
647,15,11,2,2
648,15,11,3,1
649,15,11,3,1
650,15,8,3,4
651,15,9,2,4
652,15,9,3,3
653,15,11,3,1
654,15,9,4,2
655,15,8,2,5
656,15,8,3,4
657,15,13,1,1
658,15,6,5,4
659,15,9,2,4
660,15,13,0,2
661,15,7,2,6
662,15,5,7,3
663,15,7,4,4
664,15,14,0,1
665,15,6,5,4
666,15,12,1,2
667,15,8,4,3
668,15,8,1,6
669,15,6,5,4
670,15,13,0,2
671,15,4,4,7
672,15,7,5,3
673,15,7,5,3
674,15,8,5,2
675,15,9,3,3
676,15,11,3,1
677,15,8,3,4
678,15,10,3,2
679,15,9,2,4
680,15,8,2,5
681,15,4,5,6
682,15,9,1,5
683,15,13,0,2
684,15,7,2,6
685,15,11,1,3
686,15,7,4,4
687,15,4,6,5
688,15,8,5,2
689,15,7,5,3
690,15,11,2,2
691,15,10,4,1
692,15,10,2,3
693,15,8,2,5
694,15,10,0,5
695,15,12,0,3
696,15,11,3,1
697,15,10,4,1
698,15,11,0,4
699,15,6,6,3
700,15,8,3,4
701,15,11,3,1
702,15,8,3,4
703,15,8,3,4
704,15,11,2,2
705,15,11,1,3
706,15,9,3,3
707,15,9,3,3
708,15,12,1,2
709,15,10,2,3
710,15,8,4,3
711,15,11,0,4
712,15,9,3,3
713,15,11,2,2
714,15,10,2,3
715,15,11,3,1
716,15,13,2,0
717,15,9,4,2
718,15,9,5,1
719,15,9,4,2
720,15,11,2,2
721,15,12,0,3
722,15,9,3,3
723,15,11,3,1
724,15,6,5,4
725,15,12,1,2
726,15,7,4,4
727,15,12,1,2
728,15,8,4,3
729,15,10,2,3
730,15,13,1,1
731,15,10,3,2
732,15,8,3,4
733,15,8,5,2
734,15,10,3,2
735,15,7,6,2
736,15,6,5,4
737,15,9,3,3
738,15,9,3,3
739,15,8,5,2
740,15,9,2,4
741,15,9,3,3
742,15,7,5,3
743,15,8,2,5
744,15,10,2,3
745,15,9,2,4
746,15,12,1,2
747,15,9,2,4
748,15,8,3,4
749,15,11,2,2
750,15,8,4,3
751,15,8,2,5
752,15,11,1,3
753,15,8,7,0
754,15,9,3,3
755,15,9,3,3
756,15,6,3,6
757,15,11,1,3
758,15,10,2,3
759,15,9,3,3
760,15,13,0,2
761,15,9,4,2
762,15,9,3,3
763,15,11,1,3
764,15,9,2,4
765,15,12,2,1
766,15,7,5,3
767,15,10,4,1
768,15,9,3,3
769,15,10,2,3
770,15,12,0,3
771,15,11,2,2
772,15,9,3,3
773,15,10,4,1
774,15,11,2,2
775,15,10,2,3
776,15,10,2,3
777,15,6,5,4
778,15,8,4,3
779,15,9,3,3
780,15,11,1,3
781,15,5,6,4
782,15,10,3,2
783,15,9,1,5
784,15,11,3,1
785,15,6,5,4
786,15,8,5,2
787,15,8,6,1
788,15,6,5,4
789,15,8,2,5
790,15,10,3,2
791,15,10,3,2
792,15,9,4,2
793,15,10,1,4
794,15,10,4,1
795,15,8,3,4
796,15,8,3,4
797,15,10,4,1
798,15,10,3,2
799,15,9,3,3
800,15,11,1,3
801,15,9,2,4
802,15,11,3,1
803,15,11,3,1
804,15,7,3,5
805,15,9,2,4
806,15,5,3,7
807,15,11,3,1
808,15,8,2,5
809,15,12,0,3
810,15,10,2,3
811,15,8,3,4
812,15,6,3,6
813,15,10,2,3
814,15,8,5,2
815,15,8,2,5
816,15,9,2,4
817,15,6,5,4
818,15,9,4,2
819,15,12,2,1
820,15,11,2,2
821,15,8,2,5
822,15,7,4,4
823,15,12,3,0
824,15,9,1,5
825,15,9,3,3
826,15,13,1,1
827,15,7,4,4
828,15,9,4,2
829,15,9,3,3
830,15,5,6,4
831,15,9,3,3
832,15,10,3,2
833,15,8,3,4
834,15,10,0,5
835,15,9,4,2
836,15,8,1,6
837,15,12,2,1
838,15,10,3,2
839,15,7,3,5
840,15,8,4,3
841,15,8,3,4
842,15,6,6,3
843,15,7,5,3
844,15,12,2,1
845,15,5,6,4
846,15,8,4,3
847,15,9,1,5
848,15,9,2,4
849,15,8,4,3
850,15,8,4,3
851,15,10,1,4
852,15,7,3,5
853,15,10,3,2
854,15,10,3,2
855,15,10,2,3
856,15,8,5,2
857,15,7,3,5
858,15,9,3,3
859,15,10,2,3
860,15,8,3,4
861,15,9,4,2
862,15,9,4,2
863,15,9,4,2
864,15,11,4,0
865,15,10,2,3
866,15,8,4,3
867,15,10,2,3
868,15,10,3,2
869,15,6,6,3
870,15,9,3,3
871,15,11,2,2
872,15,9,2,4
873,15,9,4,2
874,15,10,2,3
875,15,7,4,4
876,15,9,3,3
877,15,11,0,4
878,15,8,4,3
879,15,9,3,3
880,15,7,2,6
881,15,8,4,3
882,15,9,1,5
883,15,7,6,2
884,15,8,3,4
885,15,6,4,5
886,15,10,3,2
887,15,9,4,2
888,15,10,3,2
889,15,8,2,5
890,15,8,2,5
891,15,12,1,2
892,15,10,2,3
893,15,6,6,3
894,15,11,2,2
895,15,12,0,3
896,15,10,1,4
897,15,8,3,4
898,15,9,4,2
899,15,5,5,5
900,15,8,3,4
901,15,7,5,3
902,15,11,2,2
903,15,10,2,3
904,15,7,3,5
905,15,11,1,3
906,15,6,3,6
907,15,9,3,3
908,15,11,1,3
909,15,9,3,3
910,15,9,4,2
911,15,9,3,3
912,15,10,2,3
913,15,10,1,4
914,15,12,1,2
915,15,8,3,4
916,15,9,1,5
917,15,6,5,4
918,15,7,3,5
919,15,10,3,2
920,15,7,4,4
921,15,10,4,1
922,15,12,0,3
923,15,10,2,3
924,15,8,5,2
925,15,11,3,1
926,15,7,4,4
927,15,9,4,2
928,15,10,3,2
929,15,10,2,3
930,15,11,1,3
931,15,9,4,2
932,15,10,3,2
933,15,7,6,2
934,15,8,1,6
935,15,8,2,5
936,15,11,2,2
937,15,10,3,2
938,15,10,3,2
939,15,12,3,0
940,15,10,2,3
941,15,10,1,4
942,15,10,3,2
943,15,11,3,1
944,15,6,6,3
945,15,12,2,1
946,15,9,2,4
947,15,8,4,3
948,15,9,2,4
949,15,9,3,3
950,15,8,4,3
951,15,10,3,2
952,15,11,2,2
953,15,8,4,3
954,15,9,3,3
955,15,11,1,3
956,15,8,5,2
957,15,11,1,3
958,15,12,2,1
959,15,9,4,2
960,15,9,1,5
961,15,9,3,3
962,15,8,2,5
963,15,12,1,2
964,15,10,2,3
965,15,5,4,6
966,15,11,2,2
967,15,11,1,3
968,15,10,2,3
969,15,11,2,2
970,15,9,4,2
971,15,10,2,3
972,15,9,2,4
973,15,10,2,3
974,15,8,2,5
975,15,8,3,4
976,15,11,3,1
977,15,10,4,1
978,15,7,3,5
979,15,12,1,2
980,15,8,2,5
981,15,10,3,2
982,15,12,2,1
983,15,11,2,2
984,15,13,2,0
985,15,11,4,0
986,15,10,4,1
987,15,13,0,2
988,15,7,5,3
989,15,8,4,3
990,15,7,4,4
991,15,11,0,4
992,15,11,1,3
993,15,10,1,4
994,15,7,3,5
995,15,10,3,2
996,15,9,2,4
997,15,9,5,1
998,15,9,3,3
999,15,8,4,3
1000,15,8,4,3
1001,15,5,6,4
1002,15,7,2,6
1003,15,7,4,4
1004,15,6,3,6
1005,15,11,1,3
1006,15,10,3,2
1007,15,10,5,0
1008,15,9,3,3
1009,15,9,1,5
1010,15,10,3,2
1011,15,8,4,3
1012,15,10,1,4
1013,15,9,3,3
1014,15,8,4,3
1015,15,7,4,4
1016,15,9,4,2
1017,15,9,1,5
1018,15,6,4,5
1019,15,10,2,3
1020,15,10,2,3
1021,15,7,2,6
1022,15,9,3,3
1023,15,10,4,1
1024,15,11,4,0
1025,15,9,3,3
1026,15,12,2,1
1027,15,8,3,4
1028,15,7,5,3
1029,15,11,2,2
1030,15,12,2,1
1031,15,10,2,3
1032,15,7,6,2
1033,15,8,4,3
1034,15,10,3,2
1035,15,11,2,2
1036,15,9,3,3
1037,15,8,3,4
1038,15,10,3,2
1039,15,7,6,2
1040,15,6,4,5
1041,15,10,2,3
1042,15,6,5,4
1043,15,11,1,3
1044,15,12,2,1
1045,15,7,5,3
1046,15,8,3,4
1047,15,12,2,1
1048,15,9,4,2
1049,15,7,4,4
1050,15,6,4,5
1051,15,11,2,2
1052,15,12,1,2
1053,15,7,3,5
1054,15,7,5,3
1055,15,8,4,3
1056,15,6,5,4
1057,15,10,3,2
1058,15,7,3,5
1059,15,11,2,2
1060,15,5,6,4
1061,15,9,2,4
1062,15,12,1,2
1063,15,7,4,4
1064,15,11,2,2
1065,15,12,1,2
1066,15,9,3,3
1067,15,8,4,3
1068,15,7,3,5
1069,15,9,4,2
1070,15,5,5,5
1071,15,8,4,3
1072,15,11,1,3
1073,15,11,2,2
1074,15,9,4,2
1075,15,10,3,2
1076,15,7,4,4
1077,15,9,3,3
1078,15,10,1,4
1079,15,9,4,2
1080,15,13,1,1
1081,15,8,3,4
1082,15,9,5,1
1083,15,10,3,2
1084,15,7,3,5
1085,15,7,3,5
1086,15,8,4,3
1087,15,11,1,3
1088,15,11,1,3
1089,15,10,0,5
1090,15,8,5,2
1091,15,6,4,5
1092,15,8,3,4
1093,15,13,1,1
1094,15,12,1,2
1095,15,11,1,3
1096,15,11,3,1
1097,15,13,2,0
1098,15,11,2,2
1099,15,11,2,2
1100,15,10,3,2
1101,15,7,5,3
1102,15,9,2,4
1103,15,9,4,2
1104,15,8,3,4
1105,15,8,4,3
1106,15,9,2,4
1107,15,9,4,2
1108,15,7,5,3
1109,15,11,3,1
1110,15,7,3,5
1111,15,6,3,6
1112,15,11,2,2
1113,15,9,3,3
1114,15,7,2,6
1115,15,8,3,4
1116,15,10,1,4
1117,15,9,2,4
1118,15,10,4,1
1119,15,8,3,4
1120,15,12,1,2
1121,15,6,5,4
1122,15,9,2,4
1123,15,8,3,4
1124,15,7,2,6
1125,15,11,3,1
1126,15,11,2,2
1127,15,9,4,2
1128,15,7,5,3
1129,15,9,2,4
1130,15,10,2,3
1131,15,11,2,2
1132,15,8,4,3
1133,15,10,2,3
1134,15,8,4,3
1135,15,8,4,3
1136,15,8,4,3
1137,15,11,1,3
1138,15,11,2,2
1139,15,9,4,2
1140,15,10,3,2
1141,15,12,1,2
1142,15,9,3,3
1143,15,10,1,4
1144,15,9,4,2
1145,15,7,3,5
1146,15,9,2,4
1147,15,8,3,4
1148,15,10,1,4
1149,15,9,2,4
1150,15,10,2,3
1151,15,10,1,4
1152,15,9,3,3
1153,15,10,2,3
1154,15,9,2,4
1155,15,12,3,0
1156,15,5,2,8
1157,15,11,1,3
1158,15,10,2,3
1159,15,10,2,3
1160,15,10,3,2
1161,15,10,3,2
1162,15,4,8,3
1163,15,10,2,3
1164,15,11,2,2
1165,15,11,3,1
1166,15,11,2,2
1167,15,13,2,0
1168,15,7,4,4
1169,15,8,4,3
1170,15,9,3,3
1171,15,8,4,3
1172,15,9,4,2
1173,15,10,1,4
1174,15,10,1,4
1175,15,6,2,7
1176,15,10,3,2
1177,15,5,6,4
1178,15,8,4,3
1179,15,10,3,2
1180,15,10,1,4
1181,15,6,5,4
1182,15,9,4,2
1183,15,7,5,3
1184,15,10,2,3
1185,15,10,2,3
1186,15,12,0,3
1187,15,8,2,5
1188,15,11,3,1
1189,15,8,4,3
1190,15,12,2,1
1191,15,8,5,2
1192,15,7,5,3
1193,15,10,2,3
1194,15,9,4,2
1195,15,7,5,3
1196,15,9,2,4
1197,15,9,4,2
1198,15,11,3,1
1199,15,7,3,5
1200,15,10,1,4
1201,15,11,2,2
1202,15,10,2,3
1203,15,12,1,2
1204,15,8,4,3
1205,15,9,3,3
1206,15,12,0,3
1207,15,9,0,6
1208,15,11,0,4
1209,15,9,1,5
1210,15,9,4,2
1211,15,13,1,1
1212,15,10,3,2
1213,15,9,2,4
1214,15,7,6,2
1215,15,11,2,2
1216,15,7,4,4
1217,15,10,4,1
1218,15,7,3,5
1219,15,11,3,1
1220,15,10,4,1
1221,15,12,2,1
1222,15,9,3,3
1223,15,10,3,2
1224,15,7,1,7
1225,15,10,2,3
1226,15,8,6,1
1227,15,11,2,2
1228,15,8,4,3
1229,15,9,4,2
1230,15,11,2,2
1231,15,12,2,1
1232,15,7,3,5
1233,15,11,1,3
1234,15,6,4,5
1235,15,6,3,6
1236,15,11,2,2
1237,15,8,3,4
1238,15,10,2,3
1239,15,9,3,3
1240,15,10,4,1
1241,15,6,4,5
1242,15,8,3,4
1243,15,5,6,4
1244,15,6,4,5
1245,15,9,4,2
1246,15,6,4,5
1247,15,9,3,3
1248,15,8,5,2
1249,15,12,1,2
1250,15,6,2,7
1251,15,12,3,0
1252,15,11,2,2
1253,15,9,1,5
1254,15,8,1,6
1255,15,8,3,4
1256,15,11,3,1
1257,15,10,4,1
1258,15,10,2,3
1259,15,9,3,3
1260,15,10,2,3
1261,15,10,3,2
1262,15,10,0,5
1263,15,10,3,2
1264,15,11,2,2
1265,15,9,4,2
1266,15,8,2,5
1267,15,12,1,2
1268,15,8,4,3
1269,15,10,2,3
1270,15,13,1,1
1271,15,5,6,4
1272,15,11,2,2
1273,15,7,4,4
1274,15,10,1,4
1275,15,8,5,2
1276,15,8,3,4
1277,15,9,3,3
1278,15,12,1,2
1279,15,9,1,5
1280,15,8,3,4
1281,15,8,5,2
1282,15,11,1,3
1283,15,8,3,4
1284,15,7,4,4
1285,15,12,0,3
1286,15,10,1,4
1287,15,9,2,4
1288,15,11,1,3
1289,15,9,2,4
1290,15,9,2,4
1291,15,8,4,3
1292,15,8,1,6
1293,15,10,2,3
1294,15,11,2,2
1295,15,9,2,4
1296,15,13,0,2
1297,15,6,5,4
1298,15,9,3,3
1299,15,8,4,3
1300,15,10,2,3
1301,15,8,3,4
1302,15,9,1,5
1303,15,8,2,5
1304,15,11,2,2
1305,15,11,2,2
1306,15,9,2,4
1307,15,7,4,4
1308,15,9,4,2
1309,15,11,2,2
1310,15,9,3,3
1311,15,11,0,4
1312,15,6,5,4
1313,15,8,3,4
1314,15,12,1,2
1315,15,7,5,3
1316,15,9,3,3
1317,15,8,4,3
1318,15,9,3,3
1319,15,12,2,1
1320,15,10,4,1
1321,15,9,3,3
1322,15,8,3,4
1323,15,8,4,3
1324,15,6,3,6
1325,15,8,3,4
1326,15,11,1,3
1327,15,7,5,3
1328,15,9,4,2
1329,15,11,2,2
1330,15,11,3,1
1331,15,9,4,2
1332,15,11,2,2
1333,15,10,1,4
1334,15,8,4,3
1335,15,10,1,4
1336,15,12,0,3
1337,15,5,3,7
1338,15,11,2,2
1339,15,9,2,4
1340,15,12,1,2
1341,15,12,2,1
1342,15,11,1,3
1343,15,12,1,2
1344,15,6,5,4
1345,15,7,4,4
1346,15,9,3,3
1347,15,9,4,2
1348,15,8,4,3
1349,15,9,4,2
1350,15,12,1,2
1351,15,11,2,2
1352,15,10,3,2
1353,15,10,3,2
1354,15,8,4,3
1355,15,10,4,1
1356,15,10,0,5
1357,15,9,2,4
1358,15,10,3,2
1359,15,6,4,5
1360,15,8,4,3
1361,15,11,0,4
1362,15,11,0,4
1363,15,6,4,5
1364,15,12,2,1
1365,15,10,2,3
1366,15,6,5,4
1367,15,9,0,6
1368,15,8,3,4
1369,15,10,3,2
1370,15,9,1,5
1371,15,6,5,4
1372,15,10,3,2
1373,15,10,3,2
1374,15,8,3,4
1375,15,8,4,3
1376,15,9,3,3
1377,15,9,4,2
1378,15,6,5,4
1379,15,11,1,3
1380,15,10,4,1
1381,15,10,3,2
1382,15,10,3,2
1383,15,7,3,5
1384,15,13,1,1
1385,15,10,0,5
1386,15,6,5,4
1387,15,7,6,2
1388,15,10,3,2
1389,15,10,3,2
1390,15,9,4,2
1391,15,5,6,4
1392,15,10,2,3
1393,15,13,2,0
1394,15,11,2,2
1395,15,8,3,4
1396,15,10,4,1
1397,15,7,2,6
1398,15,10,4,1
1399,15,8,3,4
1400,15,11,4,0
1401,15,9,2,4
1402,15,10,2,3
1403,15,8,4,3
1404,15,9,3,3
1405,15,12,0,3
1406,15,8,5,2
1407,15,11,0,4
1408,15,6,5,4
1409,15,12,0,3
1410,15,10,3,2
1411,15,11,3,1
1412,15,8,6,1
1413,15,11,1,3
1414,15,10,3,2
1415,15,9,3,3
1416,15,7,4,4
1417,15,11,0,4
1418,15,7,4,4
1419,15,11,1,3
1420,15,8,4,3
1421,15,9,1,5
1422,15,9,2,4
1423,15,9,3,3
1424,15,10,3,2
1425,15,6,4,5
1426,15,11,2,2
1427,15,11,2,2
1428,15,8,2,5
1429,15,9,2,4
1430,15,10,2,3
1431,15,11,1,3
1432,15,12,0,3
1433,15,8,4,3
1434,15,8,2,5
1435,15,11,1,3
1436,15,9,3,3
1437,15,9,2,4
1438,15,8,3,4
1439,15,8,4,3
1440,15,10,2,3
1441,15,8,5,2
1442,15,14,0,1
1443,15,7,4,4
1444,15,11,0,4
1445,15,7,2,6
1446,15,10,3,2
1447,15,9,3,3
1448,15,12,1,2
1449,15,11,1,3
1450,15,8,4,3
1451,15,9,2,4
1452,15,10,3,2
1453,15,5,4,6
1454,15,9,2,4
1455,15,10,2,3
1456,15,10,1,4
1457,15,9,3,3
1458,15,9,3,3
1459,15,9,5,1
1460,15,12,1,2
1461,15,8,4,3
1462,15,7,4,4
1463,15,5,7,3
1464,15,9,1,5
1465,15,6,4,5
1466,15,12,2,1
1467,15,10,2,3
1468,15,7,1,7
1469,15,11,2,2
1470,15,12,2,1
1471,15,7,5,3
1472,15,10,0,5
1473,15,6,5,4
1474,15,12,2,1
1475,15,7,5,3
1476,15,9,3,3
1477,15,11,1,3
1478,15,10,0,5
1479,15,9,2,4
1480,15,10,3,2
1481,15,9,2,4
1482,15,8,4,3
1483,15,10,3,2
1484,15,6,5,4
1485,15,10,3,2
1486,15,6,3,6
1487,15,10,1,4
1488,15,12,2,1
1489,15,7,4,4
1490,15,11,1,3
1491,15,9,4,2
1492,15,13,0,2
1493,15,6,6,3
1494,15,12,2,1
1495,15,11,2,2
1496,15,10,2,3
1497,15,8,4,3
1498,15,12,2,1
1499,15,9,4,2
1500,15,9,5,1
1501,15,9,2,4
1502,15,8,5,2
1503,15,10,1,4
1504,15,8,5,2
1505,15,12,2,1
1506,15,10,2,3
1507,15,9,2,4
1508,15,10,1,4
1509,15,10,1,4
1510,15,6,3,6
1511,15,8,2,5
1512,15,7,3,5
1513,15,9,4,2
1514,15,9,1,5
1515,15,10,2,3
1516,15,11,1,3
1517,15,6,4,5
1518,15,7,3,5
1519,15,9,4,2
1520,15,8,4,3
1521,15,9,2,4
1522,15,6,3,6
1523,15,11,3,1
1524,15,14,0,1
1525,15,11,0,4
1526,15,8,5,2
1527,15,7,3,5
1528,15,8,2,5
1529,15,11,1,3
1530,15,8,4,3
1531,15,8,5,2
1532,15,11,1,3
1533,15,13,0,2
1534,15,3,5,7
1535,15,10,3,2
1536,15,12,2,1
1537,15,9,3,3
1538,15,8,4,3
1539,15,9,4,2
1540,15,11,1,3
1541,15,9,4,2
1542,15,11,0,4
1543,15,10,3,2
1544,15,7,4,4
1545,15,9,1,5
1546,15,10,2,3
1547,15,9,6,0
1548,15,12,2,1
1549,15,9,5,1
1550,15,8,4,3
1551,15,10,3,2
1552,15,7,6,2
1553,15,7,5,3
1554,15,10,3,2
1555,15,7,2,6
1556,15,8,5,2
1557,15,9,3,3
1558,15,7,3,5
1559,15,9,3,3
1560,15,8,5,2
1561,15,10,3,2
1562,15,8,2,5
1563,15,4,6,5
1564,15,11,0,4
1565,15,9,1,5
1566,15,9,3,3
1567,15,8,5,2
1568,15,10,2,3
1569,15,10,2,3
1570,15,10,2,3
1571,15,9,5,1
1572,15,8,2,5
1573,15,9,1,5
1574,15,7,5,3
1575,15,10,1,4
1576,15,10,3,2
1577,15,9,1,5
1578,15,9,3,3
1579,15,7,4,4
1580,15,9,2,4
1581,15,9,2,4
1582,15,12,1,2
1583,15,11,2,2
1584,15,9,4,2
1585,15,11,0,4
1586,15,9,4,2
1587,15,11,0,4
1588,15,10,1,4
1589,15,11,1,3
1590,15,10,3,2
1591,15,8,3,4
1592,15,6,2,7
1593,15,9,2,4
1594,15,9,5,1
1595,15,10,0,5
1596,15,13,1,1
1597,15,14,1,0
1598,15,10,3,2
1599,15,8,3,4
1600,15,11,1,3
1601,15,10,3,2
1602,15,10,3,2
1603,15,8,4,3
1604,15,8,4,3
1605,15,11,1,3
1606,15,6,6,3
1607,15,7,2,6
1608,15,12,3,0
1609,15,12,0,3
1610,15,9,2,4
1611,15,10,1,4
1612,15,8,2,5
1613,15,8,5,2
1614,15,11,0,4
1615,15,13,2,0
1616,15,12,2,1
1617,15,10,2,3
1618,15,9,3,3
1619,15,5,7,3
1620,15,8,2,5
1621,15,8,4,3
1622,15,11,1,3
1623,15,11,2,2
1624,15,8,3,4
1625,15,10,3,2
1626,15,10,0,5
1627,15,9,4,2
1628,15,11,1,3
1629,15,14,0,1
1630,15,9,5,1
1631,15,10,2,3
1632,15,10,2,3
1633,15,8,3,4
1634,15,8,3,4
1635,15,9,0,6
1636,15,11,2,2
1637,15,10,4,1
1638,15,9,2,4
1639,15,10,2,3
1640,15,12,2,1
1641,15,10,3,2
1642,15,10,2,3
1643,15,12,0,3
1644,15,12,2,1
1645,15,8,5,2
1646,15,10,3,2
1647,15,9,3,3
1648,15,9,3,3
1649,15,12,2,1
1650,15,9,2,4
1651,15,8,4,3
1652,15,9,3,3
1653,15,7,3,5
1654,15,5,4,6
1655,15,10,0,5
1656,15,10,3,2
1657,15,7,3,5
1658,15,8,1,6
1659,15,8,3,4
1660,15,10,2,3
1661,15,7,5,3
1662,15,8,3,4
1663,15,11,2,2
1664,15,11,1,3
1665,15,6,3,6
1666,15,11,2,2
1667,15,11,2,2
1668,15,7,3,5
1669,15,11,0,4
1670,15,12,2,1
1671,15,10,2,3
1672,15,12,1,2
1673,15,10,2,3
1674,15,10,3,2
1675,15,9,2,4
1676,15,11,3,1
1677,15,7,4,4
1678,15,10,4,1
1679,15,9,2,4
1680,15,8,3,4
1681,15,9,4,2
1682,15,11,2,2
1683,15,8,3,4
1684,15,5,4,6
1685,15,11,2,2
1686,15,9,4,2
1687,15,11,3,1
1688,15,9,2,4
1689,15,11,3,1
1690,15,10,1,4
1691,15,11,1,3
1692,15,9,3,3
1693,15,10,4,1
1694,15,10,2,3
1695,15,7,5,3
1696,15,10,1,4
1697,15,9,2,4
1698,15,11,1,3
1699,15,12,1,2
1700,15,8,2,5
1701,15,7,1,7
1702,15,11,2,2
1703,15,11,1,3
1704,15,6,5,4
1705,15,13,1,1
1706,15,7,3,5
1707,15,7,4,4
1708,15,9,3,3
1709,15,12,1,2
1710,15,7,4,4
1711,15,11,2,2
1712,15,8,4,3
1713,15,10,2,3
1714,15,7,4,4
1715,15,9,1,5
1716,15,12,2,1
1717,15,13,1,1
1718,15,12,1,2
1719,15,10,2,3
1720,15,8,2,5
1721,15,7,2,6
1722,15,9,3,3
1723,15,6,4,5
1724,15,9,1,5
1725,15,12,2,1
1726,15,8,1,6
1727,15,11,2,2
1728,15,11,1,3
1729,15,9,3,3
1730,15,7,4,4
1731,15,10,2,3
1732,15,9,1,5
1733,15,9,2,4
1734,15,11,2,2
1735,15,9,2,4
1736,15,8,3,4
1737,15,9,4,2
1738,15,10,3,2
1739,15,10,3,2
1740,15,9,2,4
1741,15,11,2,2
1742,15,5,5,5
1743,15,8,2,5
1744,15,9,4,2
1745,15,8,2,5
1746,15,8,4,3
1747,15,10,2,3
1748,15,6,5,4
1749,15,11,1,3
1750,15,10,3,2
1751,15,8,6,1
1752,15,12,1,2
1753,15,10,2,3
1754,15,9,5,1
1755,15,10,2,3
1756,15,9,5,1
1757,15,10,2,3
1758,15,6,3,6
1759,15,11,3,1
1760,15,11,3,1
1761,15,13,1,1
1762,15,11,3,1
1763,15,11,3,1
1764,15,11,2,2
1765,15,8,4,3
1766,15,6,4,5
1767,15,8,4,3
1768,15,8,4,3
1769,15,10,2,3
1770,15,9,5,1
1771,15,7,3,5
1772,15,9,3,3
1773,15,11,1,3
1774,15,9,2,4
1775,15,7,5,3
1776,15,9,3,3
1777,15,7,3,5
1778,15,8,3,4
1779,15,8,2,5
1780,15,8,5,2
1781,15,9,3,3
1782,15,12,2,1
1783,15,12,1,2
1784,15,9,3,3
1785,15,9,3,3
1786,15,10,2,3
1787,15,8,3,4
1788,15,9,2,4
1789,15,11,3,1
1790,15,12,1,2
1791,15,9,2,4
1792,15,13,1,1
1793,15,10,3,2
1794,15,11,2,2
1795,15,7,2,6
1796,15,7,4,4
1797,15,11,1,3
1798,15,7,5,3
1799,15,7,5,3
1800,15,10,2,3
1801,15,10,2,3
1802,15,8,3,4
1803,15,9,2,4
1804,15,10,2,3
1805,15,7,4,4
1806,15,10,2,3
1807,15,8,2,5
1808,15,8,1,6
1809,15,10,1,4
1810,15,8,5,2
1811,15,9,5,1
1812,15,9,5,1
1813,15,8,4,3
1814,15,8,4,3
1815,15,8,3,4
1816,15,7,5,3
1817,15,9,4,2
1818,15,9,4,2
1819,15,5,5,5
1820,15,9,3,3
1821,15,7,4,4
1822,15,10,3,2
1823,15,9,1,5
1824,15,12,0,3
1825,15,8,2,5
1826,15,8,3,4
1827,15,9,4,2
1828,15,9,0,6
1829,15,9,3,3
1830,15,12,0,3
1831,15,6,5,4
1832,15,9,4,2
1833,15,9,2,4
1834,15,12,0,3
1835,15,11,2,2
1836,15,10,3,2
1837,15,10,2,3
1838,15,10,2,3
1839,15,10,2,3
1840,15,8,4,3
1841,15,7,3,5
1842,15,9,2,4
1843,15,8,3,4
1844,15,8,4,3
1845,15,8,3,4
1846,15,11,0,4
1847,15,8,3,4
1848,15,11,0,4
1849,15,13,1,1
1850,15,10,2,3
1851,15,11,1,3
1852,15,8,4,3
1853,15,9,2,4
1854,15,7,4,4
1855,15,11,1,3
1856,15,12,1,2
1857,15,8,4,3
1858,15,11,2,2
1859,15,12,3,0
1860,15,12,2,1
1861,15,11,1,3
1862,15,11,2,2
1863,15,8,4,3
1864,15,8,3,4
1865,15,8,4,3
1866,15,9,4,2
1867,15,6,5,4
1868,15,9,2,4
1869,15,8,4,3
1870,15,9,2,4
1871,15,9,3,3
1872,15,6,5,4
1873,15,9,3,3
1874,15,9,2,4
1875,15,10,2,3
1876,15,10,2,3
1877,15,8,4,3
1878,15,7,3,5
1879,15,11,2,2
1880,15,11,3,1
1881,15,11,2,2
1882,15,11,2,2
1883,15,11,1,3
1884,15,10,1,4
1885,15,10,2,3
1886,15,7,3,5
1887,15,14,1,0
1888,15,7,1,7
1889,15,5,4,6
1890,15,9,4,2
1891,15,7,3,5
1892,15,10,2,3
1893,15,7,3,5
1894,15,6,2,7
1895,15,9,2,4
1896,15,10,1,4
1897,15,10,2,3
1898,15,11,0,4
1899,15,10,1,4
1900,15,9,3,3
1901,15,12,3,0
1902,15,7,2,6
1903,15,8,4,3
1904,15,7,3,5
1905,15,9,2,4
1906,15,11,2,2
1907,15,9,2,4
1908,15,10,2,3
1909,15,12,3,0
1910,15,9,3,3
1911,15,11,3,1
1912,15,8,4,3
1913,15,10,1,4
1914,15,7,4,4
1915,15,8,5,2
1916,15,11,3,1
1917,15,7,4,4
1918,15,6,5,4
1919,15,9,2,4
1920,15,12,1,2
1921,15,10,2,3
1922,15,8,4,3
1923,15,11,3,1
1924,15,9,3,3
1925,15,11,3,1
1926,15,7,5,3
1927,15,6,3,6
1928,15,8,2,5
1929,15,10,2,3
1930,15,7,4,4
1931,15,8,4,3
1932,15,10,3,2
1933,15,10,1,4
1934,15,9,3,3
1935,15,8,5,2
1936,15,10,2,3
1937,15,9,4,2
1938,15,7,2,6
1939,15,13,2,0
1940,15,8,4,3
1941,15,8,4,3
1942,15,6,6,3
1943,15,9,3,3
1944,15,6,5,4
1945,15,9,2,4
1946,15,11,2,2
1947,15,10,3,2
1948,15,13,0,2
1949,15,8,2,5
1950,15,8,3,4
1951,15,12,3,0
1952,15,7,3,5
1953,15,8,3,4
1954,15,10,3,2
1955,15,6,5,4
1956,15,7,1,7
1957,15,8,3,4
1958,15,5,6,4
1959,15,10,1,4
1960,15,8,0,7
1961,15,10,2,3
1962,15,6,2,7
1963,15,8,4,3
1964,15,14,0,1
1965,15,10,2,3
1966,15,9,3,3
1967,15,8,1,6
1968,15,7,6,2
1969,15,10,3,2
1970,15,11,1,3
1971,15,10,1,4
1972,15,10,3,2
1973,15,8,4,3
1974,15,10,3,2
1975,15,11,3,1
1976,15,11,1,3
1977,15,7,2,6
1978,15,8,5,2
1979,15,10,3,2
1980,15,9,2,4
1981,15,11,2,2
1982,15,6,5,4
1983,15,7,4,4
1984,15,10,1,4
1985,15,9,3,3
1986,15,8,3,4
1987,15,10,3,2
1988,15,10,3,2
1989,15,7,5,3
1990,15,9,4,2
1991,15,7,5,3
1992,15,7,2,6
1993,15,10,3,2
1994,15,9,4,2
1995,15,10,4,1
1996,15,10,3,2
1997,15,7,3,5
1998,15,10,2,3
1999,15,8,3,4
2000,15,14,1,0
2001,15,11,2,2
2002,15,13,1,1
2003,15,8,2,5
2004,15,11,2,2
2005,15,8,3,4
2006,15,10,3,2
2007,15,10,4,1
2008,15,10,2,3
2009,15,10,2,3
2010,15,11,2,2
2011,15,5,5,5
2012,15,5,6,4
2013,15,10,2,3
2014,15,7,6,2
2015,15,6,4,5
2016,15,11,2,2
2017,15,7,3,5
2018,15,5,5,5
2019,15,8,4,3
2020,15,12,2,1
2021,15,8,4,3
2022,15,11,1,3
2023,15,7,3,5
2024,15,10,2,3
2025,15,7,3,5
2026,15,9,3,3
2027,15,9,2,4
2028,15,11,3,1
2029,15,10,2,3
2030,15,10,3,2
2031,15,11,2,2
2032,15,9,4,2
2033,15,11,2,2
2034,15,10,2,3
2035,15,9,2,4
2036,15,8,5,2
2037,15,7,3,5
2038,15,10,3,2
2039,15,12,0,3
2040,15,8,5,2
2041,15,8,5,2
2042,15,9,4,2
2043,15,8,5,2
2044,15,11,3,1
2045,15,10,3,2
2046,15,10,2,3
2047,15,10,2,3
2048,15,12,1,2
2049,15,10,2,3
2050,15,8,4,3
2051,15,11,2,2
2052,15,12,2,1
2053,15,10,2,3
2054,15,10,2,3
2055,15,8,6,1
2056,15,12,1,2
2057,15,9,1,5
2058,15,9,1,5
2059,15,8,6,1
2060,15,9,2,4
2061,15,11,0,4
2062,15,10,3,2
2063,15,6,3,6
2064,15,9,3,3
2065,15,10,3,2
2066,15,8,3,4
2067,15,7,4,4
2068,15,8,3,4
2069,15,10,3,2
2070,15,11,1,3
2071,15,13,0,2
2072,15,11,2,2
2073,15,11,2,2
2074,15,12,3,0
2075,15,9,3,3
2076,15,5,5,5
2077,15,8,2,5
2078,15,9,4,2
2079,15,8,4,3
2080,15,7,6,2
2081,15,10,2,3
2082,15,10,3,2
2083,15,9,2,4
2084,15,10,3,2
2085,15,9,5,1
2086,15,7,4,4
2087,15,8,4,3
2088,15,9,1,5
2089,15,7,4,4
2090,15,9,2,4
2091,15,7,3,5
2092,15,9,5,1
2093,15,12,3,0
2094,15,9,3,3
2095,15,10,2,3
2096,15,9,2,4
2097,15,12,1,2
2098,15,9,3,3
2099,15,9,2,4
2100,15,9,2,4
2101,15,9,3,3
2102,15,8,5,2
2103,15,9,4,2
2104,15,7,4,4
2105,15,8,3,4
2106,15,11,1,3
2107,15,10,4,1
2108,15,11,2,2
2109,15,8,5,2
2110,15,10,2,3
2111,15,8,3,4
2112,15,10,3,2
2113,15,8,3,4
2114,15,11,2,2
2115,15,11,2,2
2116,15,8,2,5
2117,15,10,1,4
2118,15,9,4,2
2119,15,13,1,1
2120,15,7,4,4
2121,15,10,2,3
2122,15,7,4,4
2123,15,9,2,4
2124,15,9,3,3
2125,15,3,7,5
2126,15,8,2,5
2127,15,12,1,2
2128,15,11,3,1
2129,15,10,0,5
2130,15,10,1,4
2131,15,12,0,3
2132,15,12,1,2
2133,15,10,2,3
2134,15,9,3,3
2135,15,9,3,3
2136,15,8,4,3
2137,15,8,5,2
2138,15,9,2,4
2139,15,10,3,2
2140,15,7,5,3
2141,15,8,3,4
2142,15,11,0,4
2143,15,10,2,3
2144,15,9,4,2
2145,15,10,4,1
2146,15,13,2,0
2147,15,8,1,6
2148,15,11,2,2
2149,15,8,4,3
2150,15,10,3,2
2151,15,9,1,5
2152,15,7,6,2
2153,15,12,1,2
2154,15,9,2,4
2155,15,12,2,1
2156,15,10,4,1
2157,15,8,5,2
2158,15,10,3,2
2159,15,9,2,4
2160,15,8,4,3
2161,15,9,0,6
2162,15,9,4,2
2163,15,9,4,2
2164,15,10,2,3
2165,15,5,6,4
2166,15,11,2,2
2167,15,11,1,3
2168,15,12,2,1
2169,15,12,3,0
2170,15,12,2,1
2171,15,10,2,3
2172,15,10,1,4
2173,15,8,3,4
2174,15,8,5,2
2175,15,10,2,3
2176,15,14,0,1
2177,15,10,2,3
2178,15,10,3,2
2179,15,12,3,0
2180,15,9,2,4
2181,15,7,3,5
2182,15,11,2,2
2183,15,8,4,3
2184,15,8,3,4
2185,15,12,3,0
2186,15,11,2,2
2187,15,7,5,3
2188,15,10,1,4
2189,15,12,2,1
2190,15,9,3,3
2191,15,10,1,4
2192,15,10,3,2
2193,15,5,4,6
2194,15,12,1,2
2195,15,7,3,5
2196,15,9,2,4
2197,15,10,2,3
2198,15,11,2,2
2199,15,7,6,2
2200,15,7,3,5
2201,15,9,3,3
2202,15,9,3,3
2203,15,8,3,4
2204,15,11,2,2
2205,15,11,1,3
2206,15,9,3,3
2207,15,5,3,7
2208,15,8,3,4
2209,15,9,2,4
2210,15,11,2,2
2211,15,6,5,4
2212,15,10,1,4
2213,15,9,3,3
2214,15,9,3,3
2215,15,10,3,2
2216,15,9,3,3
2217,15,9,4,2
2218,15,11,1,3
2219,15,8,4,3
2220,15,11,1,3
2221,15,11,1,3
2222,15,6,3,6
2223,15,12,1,2
2224,15,12,1,2
2225,15,8,4,3
2226,15,9,4,2
2227,15,6,3,6
2228,15,9,3,3
2229,15,8,4,3
2230,15,11,3,1
2231,15,11,2,2
2232,15,6,4,5
2233,15,11,2,2
2234,15,8,5,2
2235,15,8,3,4
2236,15,9,2,4
2237,15,12,2,1
2238,15,6,5,4
2239,15,9,2,4
2240,15,7,1,7
2241,15,11,2,2
2242,15,6,6,3
2243,15,13,2,0
2244,15,9,6,0
2245,15,11,4,0
2246,15,10,2,3
2247,15,11,2,2
2248,15,9,4,2
2249,15,8,3,4
2250,15,11,2,2
2251,15,7,3,5
2252,15,12,1,2
2253,15,7,3,5
2254,15,7,2,6
2255,15,13,2,0
2256,15,6,5,4
2257,15,10,4,1
2258,15,9,1,5
2259,15,12,2,1
2260,15,10,2,3
2261,15,12,1,2
2262,15,10,2,3
2263,15,6,4,5
2264,15,7,7,1
2265,15,10,1,4
2266,15,10,2,3
2267,15,11,0,4
2268,15,10,3,2
2269,15,10,4,1
2270,15,9,2,4
2271,15,12,1,2
2272,15,7,4,4
2273,15,7,4,4
2274,15,11,1,3
2275,15,11,3,1
2276,15,9,2,4
2277,15,10,3,2
2278,15,12,1,2
2279,15,8,3,4
2280,15,10,2,3
2281,15,9,2,4
2282,15,5,6,4
2283,15,11,3,1
2284,15,9,3,3
2285,15,9,3,3
2286,15,7,2,6
2287,15,11,2,2
2288,15,4,4,7
2289,15,10,2,3
2290,15,10,1,4
2291,15,11,3,1
2292,15,6,5,4
2293,15,8,3,4
2294,15,9,3,3
2295,15,11,2,2
2296,15,10,3,2
2297,15,11,2,2
2298,15,7,3,5
2299,15,9,0,6
2300,15,13,1,1
2301,15,9,2,4
2302,15,11,1,3
2303,15,12,0,3
2304,15,12,3,0
2305,15,10,3,2
2306,15,10,2,3
2307,15,11,2,2
2308,15,10,2,3
2309,15,7,5,3
2310,15,11,2,2
2311,15,12,1,2
2312,15,10,3,2
2313,15,6,4,5
2314,15,5,7,3
2315,15,10,2,3
2316,15,6,4,5
2317,15,10,3,2
2318,15,9,4,2
2319,15,10,1,4
2320,15,6,5,4
2321,15,10,1,4
2322,15,7,3,5
2323,15,7,3,5
2324,15,7,4,4
2325,15,8,3,4
2326,15,7,4,4
2327,15,10,3,2
2328,15,5,5,5
2329,15,10,2,3
2330,15,5,7,3
2331,15,6,4,5
2332,15,11,2,2
2333,15,9,3,3
2334,15,8,3,4
2335,15,12,1,2
2336,15,9,3,3
2337,15,5,4,6
2338,15,10,3,2
2339,15,10,1,4
2340,15,10,1,4
2341,15,9,3,3
2342,15,8,3,4
2343,15,12,2,1
2344,15,10,2,3
2345,15,8,2,5
2346,15,11,0,4
2347,15,7,5,3
2348,15,9,3,3
2349,15,9,3,3
2350,15,11,1,3
2351,15,9,4,2
2352,15,10,2,3
2353,15,10,3,2
2354,15,6,4,5
2355,15,8,4,3
2356,15,9,2,4
2357,15,12,1,2
2358,15,8,4,3
2359,15,13,2,0
2360,15,10,3,2
2361,15,11,1,3
2362,15,5,3,7
2363,15,10,1,4
2364,15,11,0,4
2365,15,10,3,2
2366,15,7,5,3
2367,15,9,3,3
2368,15,10,2,3
2369,15,6,4,5
2370,15,10,3,2
2371,15,9,3,3
2372,15,11,2,2
2373,15,8,3,4
2374,15,7,5,3
2375,15,9,4,2
2376,15,8,4,3
2377,15,6,4,5
2378,15,9,3,3
2379,15,10,2,3
2380,15,10,2,3
2381,15,12,2,1
2382,15,11,3,1
2383,15,11,1,3
2384,15,8,4,3
2385,15,11,1,3
2386,15,9,2,4
2387,15,10,2,3
2388,15,9,5,1
2389,15,11,2,2
2390,15,10,2,3
2391,15,9,5,1
2392,15,8,3,4
2393,15,10,2,3
2394,15,9,2,4
2395,15,8,2,5
2396,15,10,4,1
2397,15,6,5,4
2398,15,11,4,0
2399,15,8,5,2
2400,15,10,2,3
2401,15,9,2,4
2402,15,7,6,2
2403,15,10,1,4
2404,15,11,2,2
2405,15,13,2,0
2406,15,12,1,2
2407,15,8,3,4
2408,15,12,2,1
2409,15,9,2,4
2410,15,6,3,6
2411,15,11,2,2
2412,15,9,3,3
2413,15,9,3,3
2414,15,10,4,1
2415,15,8,4,3
2416,15,8,4,3
2417,15,9,4,2
2418,15,12,2,1
2419,15,11,1,3
2420,15,8,6,1
2421,15,10,1,4
2422,15,12,1,2
2423,15,7,4,4
2424,15,10,2,3
2425,15,9,5,1
2426,15,9,3,3
2427,15,10,1,4
2428,15,9,3,3
2429,15,7,5,3
2430,15,10,3,2
2431,15,10,2,3
2432,15,10,3,2
2433,15,8,4,3
2434,15,9,4,2
2435,15,9,4,2
2436,15,9,3,3
2437,15,10,2,3
2438,15,8,3,4
2439,15,10,2,3
2440,15,9,4,2
2441,15,9,2,4
2442,15,8,5,2
2443,15,9,3,3
2444,15,10,3,2
2445,15,7,4,4
2446,15,12,2,1
2447,15,8,3,4
2448,15,4,6,5
2449,15,10,2,3
2450,15,10,3,2
2451,15,5,2,8
2452,15,11,2,2
2453,15,8,3,4
2454,15,10,2,3
2455,15,8,4,3
2456,15,10,3,2
2457,15,10,0,5
2458,15,7,3,5
2459,15,6,4,5
2460,15,9,2,4
2461,15,13,1,1
2462,15,9,4,2
2463,15,10,3,2
2464,15,10,1,4
2465,15,11,1,3
2466,15,11,2,2
2467,15,10,3,2
2468,15,11,2,2
2469,15,10,3,2
2470,15,10,3,2
2471,15,7,3,5
2472,15,5,7,3
2473,15,10,3,2
2474,15,6,7,2
2475,15,12,1,2
2476,15,8,2,5
2477,15,9,2,4
2478,15,10,1,4
2479,15,11,1,3
2480,15,9,4,2
2481,15,11,3,1
2482,15,8,2,5
2483,15,8,3,4
2484,15,11,2,2
2485,15,11,2,2
2486,15,10,4,1
2487,15,10,2,3
2488,15,10,3,2
2489,15,9,2,4
2490,15,11,3,1
2491,15,8,3,4
2492,15,7,5,3
2493,15,11,1,3
2494,15,7,4,4
2495,15,11,3,1
2496,15,9,3,3
2497,15,7,4,4
2498,15,8,2,5
2499,15,11,3,1
2500,15,9,2,4
2501,15,5,5,5
2502,15,8,2,5
2503,15,9,2,4
2504,15,10,3,2
2505,15,13,1,1
2506,15,9,3,3
2507,15,9,4,2
2508,15,8,5,2
2509,15,10,1,4
2510,15,9,3,3
2511,15,8,3,4
2512,15,12,2,1
2513,15,12,0,3
2514,15,8,3,4
2515,15,10,4,1
2516,15,7,4,4
2517,15,10,4,1
2518,15,13,2,0
2519,15,9,4,2
2520,15,8,6,1
2521,15,11,2,2
2522,15,8,5,2
2523,15,7,3,5
2524,15,10,2,3
2525,15,9,3,3
2526,15,11,3,1
2527,15,8,3,4
2528,15,8,5,2
2529,15,10,4,1
2530,15,10,1,4
2531,15,8,4,3
2532,15,9,1,5
2533,15,6,3,6
2534,15,10,0,5
2535,15,9,3,3
2536,15,10,2,3
2537,15,8,3,4
2538,15,10,2,3
2539,15,9,2,4
2540,15,10,5,0
2541,15,10,2,3
2542,15,11,1,3
2543,15,7,6,2
2544,15,10,0,5
2545,15,9,4,2
2546,15,12,0,3
2547,15,11,3,1
2548,15,11,4,0
2549,15,8,3,4
2550,15,11,2,2
2551,15,12,2,1
2552,15,11,3,1
2553,15,11,1,3
2554,15,11,3,1
2555,15,13,1,1
2556,15,11,2,2
2557,15,12,1,2
2558,15,10,3,2
2559,15,11,0,4
2560,15,6,7,2
2561,15,11,2,2
2562,15,9,2,4
2563,15,13,2,0
2564,15,7,3,5
2565,15,8,3,4
2566,15,10,0,5
2567,15,10,2,3
2568,15,10,2,3
2569,15,9,4,2
2570,15,10,3,2
2571,15,11,3,1
2572,15,8,4,3
2573,15,8,5,2
2574,15,6,4,5
2575,15,8,3,4
2576,15,9,2,4
2577,15,8,3,4
2578,15,8,6,1
2579,15,7,3,5
2580,15,8,2,5
2581,15,10,2,3
2582,15,9,2,4
2583,15,11,3,1
2584,15,11,1,3
2585,15,8,4,3
2586,15,6,5,4
2587,15,8,3,4
2588,15,9,3,3
2589,15,9,2,4
2590,15,9,3,3
2591,15,8,3,4
2592,15,12,0,3
2593,15,10,1,4
2594,15,9,3,3
2595,15,8,2,5
2596,15,6,5,4
2597,15,11,1,3
2598,15,11,3,1
2599,15,13,1,1
2600,15,8,3,4
2601,15,9,2,4
2602,15,6,5,4
2603,15,9,2,4
2604,15,11,3,1
2605,15,10,3,2
2606,15,12,3,0
2607,15,6,4,5
2608,15,8,3,4
2609,15,11,3,1
2610,15,11,1,3
2611,15,10,2,3
2612,15,7,7,1
2613,15,11,2,2
2614,15,10,2,3
2615,15,11,3,1
2616,15,11,2,2
2617,15,11,1,3
2618,15,10,2,3
2619,15,10,3,2
2620,15,9,3,3
2621,15,12,1,2
2622,15,11,2,2
2623,15,10,3,2
2624,15,7,3,5
2625,15,10,2,3
2626,15,9,3,3
2627,15,10,3,2
2628,15,7,5,3
2629,15,8,4,3
2630,15,9,4,2
2631,15,9,3,3
2632,15,9,4,2
2633,15,9,4,2
2634,15,11,3,1
2635,15,8,5,2
2636,15,8,3,4
2637,15,11,1,3
2638,15,8,1,6
2639,15,10,3,2
2640,15,9,4,2
2641,15,12,2,1
2642,15,8,4,3
2643,15,8,3,4
2644,15,10,2,3
2645,15,5,4,6
2646,15,11,2,2
2647,15,10,1,4
2648,15,8,0,7
2649,15,10,4,1
2650,15,12,2,1
2651,15,9,3,3
2652,15,8,3,4
2653,15,9,2,4
2654,15,10,3,2
2655,15,11,1,3
2656,15,7,4,4
2657,15,7,5,3
2658,15,9,2,4
2659,15,9,1,5
2660,15,12,2,1
2661,15,5,5,5
2662,15,9,1,5
2663,15,7,3,5
2664,15,11,4,0
2665,15,8,3,4
2666,15,9,3,3
2667,15,8,4,3
2668,15,10,3,2
2669,15,13,1,1
2670,15,8,3,4
2671,15,12,1,2
2672,15,12,1,2
2673,15,6,4,5
2674,15,8,6,1
2675,15,6,4,5
2676,15,10,4,1
2677,15,10,1,4
2678,15,13,2,0
2679,15,11,1,3
2680,15,12,1,2
2681,15,9,4,2
2682,15,11,3,1
2683,15,11,2,2
2684,15,8,0,7
2685,15,9,4,2
2686,15,11,2,2
2687,15,10,3,2
2688,15,11,2,2
2689,15,12,3,0
2690,15,5,4,6
2691,15,8,5,2
2692,15,9,4,2
2693,15,9,2,4
2694,15,10,0,5
2695,15,6,3,6
2696,15,11,2,2
2697,15,10,1,4
2698,15,9,5,1
2699,15,8,6,1
2700,15,9,4,2
2701,15,8,3,4
2702,15,10,1,4
2703,15,9,3,3
2704,15,6,5,4
2705,15,8,3,4
2706,15,9,3,3
2707,15,13,1,1
2708,15,11,3,1
2709,15,9,3,3
2710,15,10,3,2
2711,15,7,6,2
2712,15,8,3,4
2713,15,13,1,1
2714,15,12,2,1
2715,15,9,2,4
2716,15,9,2,4
2717,15,11,1,3
2718,15,8,3,4
2719,15,8,2,5
2720,15,10,4,1
2721,15,7,4,4
2722,15,12,2,1
2723,15,12,2,1
2724,15,7,3,5
2725,15,6,6,3
2726,15,12,1,2
2727,15,7,3,5
2728,15,10,2,3
2729,15,6,6,3
2730,15,6,5,4
2731,15,5,5,5
2732,15,11,2,2
2733,15,12,0,3
2734,15,10,4,1
2735,15,7,2,6
2736,15,9,2,4
2737,15,7,4,4
2738,15,11,0,4
2739,15,8,3,4
2740,15,9,2,4
2741,15,9,3,3
2742,15,10,3,2
2743,15,8,2,5
2744,15,7,3,5
2745,15,10,3,2
2746,15,9,3,3
2747,15,10,1,4
